Artist Name,Artwork,Location,Price,Currency,
ABRAHAMS (Mej. Anna),Tulpen,den Haag,200,f,
ABRAHAMS (Mej. Anna),Pensées,den Haag,125,f,
AKKERINGA (Jan),In 't Duin,Loosduinen,100,f,
AKKERINGA (Jan),In 't Duin,Loosduinen,150,f,
ALMA TADEMA (Mrs Laura),Well employed,Londen,750,f,
ANTHONISSEN (L. J.),Tête de vieille femme de Trouville (Profil),Parijs,800,Fr.,
ANTHONISSEN (L. J.),Atelier de repasseuses,Parijs,1500,Fr.,
ANTHONISSEN (L. J.),Vieille femme raccommodant un filet,Parijs,2000,Fr.,
APOL (Louis),Zomernacht,Velp,3000,f,
APOL (Louis),Winterdag,Velp,3000,f,
APPIAN (A.),Environs de Toulon,Lyon,1200,Fr.,
ARDEN (Henry),La côte d'Angleterre,Brussel,2000,Fr.,
ARNTZENIUS Jr. (F. J.),Portret,Nieuwer-Amstel,,,
ARNTZENIUS Jr. (F. J.),Portret van den Heer D. W.,Nieuwer-Amstel,,,
BARÉ (E. de),Fin d'un beau jour d'hiver (Campine),Luik,1800,f,
BASTERT (N.),Het oude paleis van Koning Radboud,Amsterdam,1000,f,
BASTERT (N.),Herfst,Amsterdam,900,f,
BASTERT (N.),Op de Hei,Amsterdam,300,f,
BAUFFE (Victor),In de melkbocht,den Haag,700,f,
BAUFFE (Victor),Na den regen,den Haag,300,f,
BAUFFE (Victor),Aan de bovenbeek bij Wolfhezen,Arnhem,125,f,
BEELAERTS VAN BLOKLAND (Jonkvr. M.),Sinaasappelen,den Haag,200,f,
BEEN (P.),Molen in den Kettelpolder,Rotterdam,125,f,
BEERNAERT (Mej. Euph.),Environs de Bruxelles,Brussel,2500,Fr.,
BEERNAERT (Mej. Euph.),La Grange (Campine),Brussel,600,Fr.,
BEERNAERT (Mej. Euph.),Dans les dunes (Domburg),Brussel,700,Fr.,
BERG (Mej. Betzy),Montagnes Giesver (Vogelrots bij Noordkaap),Christiania,2000,f,
BEUL (Franz de),Intérieur d'étable de moutons,Schaerbeek,800,Fr.,
BEERS (Jan van),Le portrait de Henri Rochefort,Parijs,,,
BERG (A. van den),Dobbelaars,den Haag,250,f,
BERGH Jr. (Pieter A. van den),Een weg in het Scheveningsche bosch,den Haag,275,f,
BIÈVRE (Mlle. Marie de),Intérieur d'atelier,Brussel,800,f,
BIÈVRE (Mlle. Marie de),Roses,Brussel,600,f,
BILDERS VAN BOSSE (Mevr. Marie),Bij Heelsum,Oosterbeek,325,f,
BILDERS VAN BOSSE (Mevr. Marie),Dorpsgezicht bij winter,Oosterbeek,250,f,
BINDER (J. B.),Soleil couchant,,,,
BIRNIE (Mej. C.),Bloemen,Deventer,,,
BIRNIE (Mej. C.),Rozen,Deventer,,,
BISSCHOP (C.),In gedachten,den Haag,,,
BISSCHOP (C.),Stilleven,den Haag,,,
BISSCHOP SWIFT (Mevr. Kate),De kleine flutitst,den Haag,,,
BISSCHOP (R.),Oude kerk te Delft vóór de godsdienstoefening,den Haag,1600,f,
BLES (David),Wie teekenen leert, leert zien,den Haag,2800,f
BLES (David),De voortvluchtige graaf van Lintz, nagespeurd in de woning der oude Martha,den Haag,1800,f
BLOMMERS (B. J.),Portret van Mevr. B.,Scheveningen,,,
BLOMMERS (B. J.),Dorpsliefde,Scheveningen,3000,f,
BOOK (Th. de),Aan den vijver,den Haag,1600,f,
BOOK (Th. de),Herfstmorgen,den Haag,1800,f,
BOOK (Th. de),Na den middag,den Haag,,,
BOELEV (Mej. Aletta),Kastanjebloemen,Amsterdam,200,f,
BOKS (E. J.),Een duo,Antwerpen,750,f,
BOKS (E. J.),In het nauw gezet,Antwerpen,600,f,
BOOM (K. Alex.),Gezicht op de stad Deventer,Deventer,800,f,
BORSELEV (J. W. van),Aan de Gouwe bij buïig weer,den Haag,1300,f,
BORSELEV (J. W. van),De Beeklaan te 's Hage,den Haag,600,f,
BOS (G. J.),Bij de koeienbocht,Leiden,425,f,
BOS (G. J.),Onteigend land,Leiden,200,f,
BOS (G. J.),De werf van een schulpenvisscher,Leiden,175,f,
BOSCH (E.),Bloemen,den Haag,250,f,
BOUDEWYNSE (A.),Portret van den Heer S.,den Haag,,,
BOZNANSKA (Olga),Fleuristes,Krakau,400,Fr.,
BRANDS (Mlle. H.),Nature morte,den Haag,250,f,
BRANDS (J. L.),Een regenachtige dag te Loosdrecht,den Haag,350,f,
BREITNER (G. H.),Souvenir van de manoeuvres,Amsterdam,1500,f,
BREUER WIKMAN (Mevr. F.),Mand met sinaasappelen,Rotterdam,250,f,
BRILLOUIN (George),Le rendez-vous des nouvellistes en province, aux approches de la revolution en 1789,St. Martin-lez-Nelle,2500,Fr.
BRILLOUIN (George),Les frères Jean et André Both en Italie XVII[ème] siècle,St. Martin-lez-Nelle,1000,Fr.,
BRUGMAN (J. F.),In verwachting,Amsterdam,250,f,
BRUMMER (W.),De smidspongen,Munchen,500,f,
BRULIN (F. de),Coin d'étang,Antwerpen,250,Fr.,
BRULIN (F. de),Environs de Winterslag,Antwerpen,250,Fr.,
BUENINCK (B.),Aan de Vordensche beek,Vorden,300,f,
CALAND (Mej. C.),Voorjaarsbloemen,den Haag,225,f,
CALISSENDORFF (A.),Een Zeeuwsche boer,Rijswijk,500,f,
CARPENTIER (E.),L'embuscade (Episode de la guerre Yendéenne),Malaise par la Hulpe,1500,Fr.,
CARPENTIER (E.),Un bout de conversation,Malaise par la Hulpe,1500,Fr.,
COCK (H. J. de),Op den middag,Urk,275,f,
COCK (H. J. de),Portret van Mevr. Wed. de C.,Urk,,,
COENRAETS (Ch.),Dans la serre,Brussel,100,Fr.,
COENRAETS (Ch.),Au salon,Brussel,125,Fr.,
COENRAETS (Ch.),Mendiantes,Brussel,200,Fr.,
COENRAETS (F.),Bergen op Zoom (aquarel),Brussel,150,Fr.,
COENRAETS (F.),Cour de ferme près Bruxelles (aquarel),Brussel,150,Fr.,
COGEN (Felix),Portrait du Colonel F. W. de l'armée Belge (Ecrivain militaire),Brussel,,,
COGEN (Felix),Les horreurs des guerres espagnoles en Neerlande,Brussel,5000,Fr.,
COLLIN (André),Salle de Garde (Hôpital de Bavière Liège),Brussel,500,Fr.,
CONSTANT,Lekker weer,den Haag,200,f,
COSTER (J. H.),Bij den molen te Azelo (Delden),Almelo,200,f,
COSTER (J. H.),Aan de beek te Azelo (Delden),Almelo,150,f,
CUNAEUS (O.),Zuid-Hollandsch ploegspan,N.-Amstel,550,f,
CUNAEUS (O.),Van het kussen wippen,N.-Amstel,450,f,
CUNAEUS (O.),Liefde en trouw,N.-Amstel,450,f,
CUSSENEERS (Mlle Angélique),Nature morte,Brussel,200,f,
DANKMEIJER (Ch.),Korenoogst (Landschap te Calmpthout),Deventer,600,f,
LARASSE (Georges),Au bain Capri,Napels,900,Fr.,
LARASSE (Georges),Vue de Capri,Napels,400,Fr.,
LEKKER (H. A. C.),In 't touw,Amsterdam,700,f,
LEKKER SARTORIUS (Mevr. S.),Deelnemend bezoek,Amsterdam,300,f,
LELAMBRE (L. P.),Remise de chevreuils,Chilly en Bierre,1800,Fr.,
LEVENTER (W. A. van),Stil watergezicht,den Haag,800,f,
LEVENTER (W. A. van),Strand met visscherspinken,den Haag,700,f,
LIELMAN (Mlle M.),Roses,Brussel,250,Fr.,
LOELEMAN (Joh. H.),Landschap met vee (IJsselmonde),Rotterdam,400,f,
LOELEMAN (Joh. H.),Bosch te Spa,Rotterdam,175,f,
LOMMERSHUIZEN (Chr.),Aankomst eener visscherspink te Scheveningen bij ruw weer,Asnières,1200,f,
LUNSELMAN (Jan),Portret,N.-Amstel,,,
LUYTS (G. den),Tournée d'automne,Brussel,4000,Fr.,
MEERELMAN (Otto),St. Bernardshondenkop,den Haag,450,f,
MICKELBERG (W. H.),Winternamiddag,N.-Amstel,300,f,
ELSON (Mlle Emma),Steamer remorquant une chaloupe,Brussel,800,Fr.,
Artist Name,Artwork,Location,Price,Currency,
ENGELEN (L. van),Le petit Bourgogne à Liège,Antwerpen,2000,f,
ENGELEN (L. van),Nos intimes,Antwerpen,1000,f,
ENGELEN (Piet van),In de halle,Antwerpen,2500,f,
ENGELEN (Piet van),De twee hanen,Antwerpen,,,
ENGELEN (Piet van),Een oude wraak,Antwerpen,600,f,
ESSEN (Jan van),In de duinen te Bergen,Amsterdam,690,f,
ESSEN (Jan van),Oude boomen te Bergen,Amsterdam,600,f,
ESSEN (Jan van),Achter het hof te Bergen,Amsterdam,360,f,
EVERDINGEN (A. van),Achter het dorp. Landschap in het Gooi,Utrecht,600,f,
EVERDINGEN (A. van),Een dorpsweg in het Gooi,Utrecht,600,f,
EZERMAN (D. G.),Avond in Gelderland,Rotterdam,175,f,
FLIER (H. R. van der),Een kudde schapen,Baarn,550,f,
FLIER (H. R. van der),Op de heide bij Soest,Baarn,750,f,
FORNIER (Alle Kitty),Marie de Nazareth,Morsetel (Sière),5000,Fr.,
FORNIER (Alle Kitty),Fille de pirate,Morsetel (Sière),2000,Fr.,
FRANKFORT (Ed.),Zwemmers,Amsterdam,800,f,
FRANKFORT (Ed.),Studiekop,Amsterdam,200,f,
FRANKFORT (Ed.),In den bijbel,Amsterdam,150,f,
FRANKFORT (Ed.),Een belangrijk verschil,Amsterdam,700,f,
FRIESE (Richard),Beim Frühlicht in der Lagune,Berlijn,9000,Mrk.,
GABRIËL (P. J. C.),Winter in Brussels omstreken,Scheveningen,550,f,
GABRIËL (P. J. C.),Landschap. De turfelker (Vreelandsche polder),Scheveningen,1600,f,
GEBELINGS (Jac. H.),Op de Kemperhei,Arnhem,400,f,
GEBELINGS (Jac. H.),Z'n laatste rit,Arnhem,400,f,
GEBELINGS (Jac. H.),Artillerist,Arnhem,,,
GILDEMEESTER (P. A.),Landweg bij Nijmegen,Amsterdam,100,f,
GILDEMEESTER (P. A.),Scheepstimmerwerf,Amsterdam,75,f,
GONDRY (Jules),De werkstaking,Gent,10000,f,
GOOVAERTS (Henri),Cain's vroeging,Maastricht,450,f,
GREIVE Jr. (J. C.),Montelbaan's toren te Amsterdam,Amsterdam,800,f,
GRUYTER (Jacob W.),Namiddag aan het strand,Amsterdam,300,f,
GRUYTER (Jacob W.),Zonsondergang,Amsterdam,125,f,
GESTERE DE ROEVER (George de),Le déjeuner,Brussel,1500,Fr.,
GRAAFF (Mej. Jacoba A. de),Rozen,Kralingen,200,f,
GRAAFF (Mej. Jacoba A. de),Rozen en violen,Kralingen,200,f,
GRONCKEL (V. de),Portrait de Mlle, D.,Schaerbeek,200,f
GROOT (J. de),Maak eerst vuur aan,Amsterdam,600,f,
HAAK (R.),Landschap,den Haag,300,f,
HAAXMAN (P.),Bij de zee,den Haag,650,f,
HAAXMAN (P.),In overdenking,den Haag,425,f,
HAHN (Jos.),Herbst im Walde,Munchen,200,Mrk.,
HAMEL (W.),Heldere nacht,Rotterdam,1500,f,
HART (Mej. C. van der),Avond op de heide,den Haag,600,f,
HART (Mej. C. van der),Buijig weer,den Haag,500,f,
HART (Mej. C. van der),Kleine schetsen,den Haag,400,f,
HEEMSKEEK VAN BEEST (E. van),Vertrekkende Scheveningsche pink,den Haag,350,f,
HEEMSKEEK VAN BEEST (E. van),Tjalk (Zuiderzee),den Haag,350,f,
HEEMSKEEK VAN BEEST (E. van),Vlucht van een slavenhaler onder de Braziliaansche kust (zonsondergang),den Haag,1600,f,
HEYL (Mar.),Voor de stad,Amsterdam,600,f,
HEYL (Mar.),Eendenvreugde,Amsterdam,300,f,
HEILIGERS (A. F.),Het toilet maken voor de wandeling,den Haag,300,f,
HEINEKEN (Mej. M.),Bij een bloemist,N.-Amstel,300,f,
HENDRIKS (Mej. Sara),Hoekje van een boudoir,Utrecht,600,f,
HENDRIKS (Mej. Sara),Visschen,Utrecht,500,f,
HENKES (G.),De geleerde,Voorburg,1200,f,
HENKES (G.),Gezellig bijeen,Voorburg,950,f,
HERBO (Léon),Portrait du Colonel O'Sullivan du 1er régiment des guides de Belgique,Brussel,200,f,
HERBO (Léon),Portrait de M. Guillaume, directeur général au ministère des finances à Bruxelles,Brussel,,
HERBO (Léon),Portrait du Baron Gericke d'Herwijnen, ministre de Hollande à Madrid,Brussel,,
HERBO (Léon),Tijl Uijlenspiegel,Brussel,,,
HUNER (Arend),Een achterbuurt bij avond,Deventer,200,f,
HILVERDINK (E. Alex.),Jodenbuurt in Amsterdam,Amsterdam,1200,f,
HILVERDINK (Johs.),Duinlandschap aan de zee bij ochtend,Amsterdam,800,f,
HILVERDINK (Johs.),Landschap aan den Hollandschen Lissel,Amsterdam,175,f,
HITCHCOCK,La culture des tulipes,Egmond aan zee,,,
HOEDT (P. L.),Achter de Doornwerth,Oosterbeek,700,f,
HOEDT (P. L.),Weide bij Heelsum,Oosterbeek,250,f,
HOEYENAAR Wzn. (Jos.),Op straat gezet,Utrecht,850,f,
HOYNCK VAN PAPENDREOHT (J.),Vurende rijdende artillerie,Amsterdam,200,f,
HOYNCK VAN PAPENDREOHT (J.),De rijdende batterij Krahmer bij Waterloo,Amsterdam,1500,f,
HOLLESTELLE (Jac.),Hoofd te Vilssingen,Dordrecht,175,f,
HOLLESTELLE (Jac.),Winter,Dordrecht,650,f,
HOORICKX (E.),Les sablons à Brasschaet,Ixelles,800,f,
HOORICKX (E.),Lever de lune. Calmpthout,Ixelles,500,f,
HOOGEWEGEN (H.),Winteravond onder Kaatsheuvel (Noord-Brabant),Kralingen,100,f,
HÖPPE (Bernh.),'n Watermolen (Landschap in Overijsel),den Haag,200,f,
HOGENDORP 's JACOB (Baronesse A. van),Narcissen,den Haag,900,f,
HORSSEN (W. B. van),Sloot,Rijswijk,300,f,
HORSSEN (W. B. van),Onder de boomen,Rijswijk,350,f,
HORST (Mej. G. van der),Stilleven,Baarn,200,f,
HUGENHOLTZ (Mej. Arina),Tegen den avond,N.-Amstel,250,f,
HUGENHOLTZ (Mej. Arina),De eerste vore,N.-Amstel,500,f,
HUIBERS (G. D.),Binnenhuis op de heide,Amsterdam,350,f,
HUIBERS (G. D.),Schotel met vruchten,Amsterdam,250,f,
ISRAELS (Jozef),Een zoon van het oude volk,den Haag,800,f,
IVES BROWNE (R.),Herstmorgen,Rijswijk,250,f,
IVES BROWNE (R.),Mijntje (Portret),Rijswijk,350,f,
JACOBS (L. A. E.),Haute mer du nord,Ixelles,400,Fr.,
JANSEN (Frits),Bébé’s verjaardag,den Haag,325,f,
JANSEN (H. W.),Doesburg,Doesburg,350,f,
JANSEN (H. W.),Landschap bij Doesburg,Doesburg,350,f,
JANSSENS (Jacques),Le moulin à eau,Antwerpen,900,Fr.,
JONG (Jan de),Bacchante,Rotterdam,1000,f,
JONG (Jan de),Rugstudie,Rotterdam,750,f,
JOSSELIN DE JONG (P. de),De tram naar Scheveningen,den Haag,1000,f,
KAMERLINGH ONNES (M.),Damesportret,Leiden,200,f,
KAMERLINGH ONNES (M.),Kinderstudie,Leiden,500,f,
KARSEN (J. Ed.),Tegen den avond,N.-Amstel,200,f,
KARSEN (J. Ed.),Avond in October,N.-Amstel,1200,f,
KATE (Mari ten.),Inlandsche school,den Haag,1200,f,
KATE (Mari ten.),Paisantenjacht,den Haag,,,
KATE Man. (Johan M. ten.),In verzoeking,den Haag,1200,f,
KATE Man. (Johan M. ten.),Schafttijd,den Haag,,,
KASTEELE (Mej. J. M. van de),Rozen,Juttaas,325,f,
KASTEELE (Mej. J. M. van de),Mand met bloemen,Juttaas,375,f,
KEVER (J. S. H.),De oudjes,Amsterdam,450,f,
KEVER (J. S. H.),Een hoekje in Laren,Amsterdam,150,f,
KEGHEL (D. de),Orysanthèmes,Gent,600,f,
KEGHEL (D. de),Hutres,Gent,200,f,
KELLEN (Mej. L. Charlotte van der),Rozen,Amsterdam,150,f,
KIEHL (Mej. Wille. J. L.),Struik witte rozen,den Haag,200,f,
KIERS (G. L.),Bij het petroleumentrepôt te Amsterdam,Amsterdam,150,f,
KLINKENBERG (K.),De westerkerk te Enkhuizen,den Haag,800,f,
KLINKENBERG (K.),Stadsgezicht,den Haag,800,f,
KOEKKOEK (Jan H. B.),Strand te Scheveningen,Hilversum,900,f,
KOEKKOEK (H. W.),Nederlander Fransche veld-artillerie op het slagveld St. Quentin in 1870,Londen,1500,f,
KOEKKOEK (W.),Koppelpoort te Amersfoort,Amsterdam,900,f,
KOERNER (Ernst),Der el Bachri. Ruinen des Tempels der Koningin Hatasu,Berlin,4000,Mrk.,
KOLDEWEY (Bernard M.),Juli,Dordrecht,400,f,
KOLDEWEY (Bernard M.),Dordrecht gezien van Papendrecht,Dordrecht,275,f,
KONINENBURG (W. A. van),Holle weg (Geul Limburg),den Haag,600,f,
KONING (A. H.),Heistudie bij Wolfhezen,den Haag,150,f,
KOSTER (A. L.),Bergweg bij Geul in Limburg,Rijswijk,400,f,
KOSTER (A. L.),Watermolen bij overdrijvende bui,Rijswijk,250,f,
KRABBÉ (H. M.),Theorieles,Bussum,300,f,
KRUMMER (Mej. C. Elisabeth),Korenbloemen,Amsterdam,90,f,
KUYPERS (Cornelis),Memento Mori,N.-Amstel,1200,f,
KUYPERS (Cornelis),Hollandsch landschap,N.-Amstel,250,f,
LAGUNA (B.),Bij grootmoeder,Amsterdam,200,f,
LANGELAAN BUTGERS (Mevr. J.),Een vrouwtje uit Durgerdam,Amsterdam,200,f,
LANGELAAN BUTGERS (Mevr. J.),Een regenachtige najaarsdag,Amsterdam,150,f,
LAPIDOTH (M. C.),Landschap hij den Haag,den Haag,125,f,
LARY (Roeland),Stilleven,Dordrecht,300,f,
LARY (Roeland),Een studiekopje,Dordrecht,,,
LARY (Roeland),Een studie (katje),Dordrecht,,,
LAAN (Gerard van der),Scheveningsche pink voor anker,den Haag,450,f,
LEIGH (Mile Rosa),Hêtres a Brasschaet,Brussel,250,Fr.,
LIERNUR (Alex. W. A.),Stadsgezicht (Deventer),Deventer,500,f,
LIJBAERT (Th.),La mère des douleurs,Gent,1500,Fr.,
LIJBAERT (Th.),Le palanquin,Gent,1200,Fr.,
LOKHORST (D. van),In den stal,Utrecht,300,f,
LOKHORST (D. P. van),Trekkend vee,Utrecht,,,
LOOY (Jac van),Cyclames,H.-Amstel,251,f,
LOOY (Jac van),Kinderen,H.-Amstel,252,f,
LOOY (Jac van),Meisje uit een steegk elder komende,H.-Amstel,253,f,
LUDWIG (Mej. Auguste),Katzenfreundin,Berlijn,254,f,
LUDWIG (Prof. Carl),Erühling im Gschnitzthal in Tirol,Berlijn,255,f,
LUPPEN (Erans van),Effet de neige,Merxem,256,Fr.,
MADIOL (A. J.),Uitgebroken,St. Lambrechts, Woluwe,257,f
MAETERLINCK (L.),Weemoed (allegorie),Gent,258,f,
MAIRESSE (Mile Alice),Eleurs,Brussel,259,Fr.,
MALI (Christian),Am Mühlbache,Munchen,260,Mrk.,
MAR (David de la),Mijmering,Amsterdam,261,f,
MARIS (Jacob),Aan het strand,den Haag,262,f,
MARIS (W.),Hollandsche,Rijswijk,263,f,
MARTENS (Willy),Damesfiguur in interieur,Parijs,264,Fr.,
MARTENS (Willy),Studie,Parijs,265,f,
MARTENS (W. J.),Moderne Sirene,den Haag,266,f,
MARTENS (W. J.),Mijnnering (maneschijn),den Haag,267,f,
MARTENS (W. J.),Herinnering aan Capri (maneschijn),den Haag,268,f,
MEINERS (C. H.),Hollandsch landschap,Arnhem,269,f,
MEINERS (P.),Stilleven,Arnhem,270,f,
MEYER (Mej. M.),Stilleven. Gloire de Dijon,Scheveningen,271,f,
MELLE (H. van),Le diner du maçon,Gent,272,f,
MELLE (H. van),Vieux canal à Gand,Gent,273,f,
MELLE (H. van),La prière (moine),Gent,274,f,
MESDAG (H. W.),Opkomende vloed. Noordzee,den Haag,275,f,
MESDAG (H. W.),Het aanbrengen der netten te Scheveningen,den Haag,276,f,
MESDAG (Taco),Op weg naar Donderen,Scheveningen,277,f,
MESDAG (Taco),De terugkeer der kudde,Scheveningen,278,f,
MESDAG VAN HOUTEN (Mevr. S.),Op de heide,den Haag,279,f,
MEULEN (F. P. Ter),Een zonnige dag op het duin,den Haag,280,f,
MICHORST (J.),Stilleven,Rotterdam,281,f,
MOES (Mej. Wally),In de spinnerij te Laren,Amsterdam,282,f,
Artist Name,Artwork,Location,Price,Currency,
MOES (Mej. Wally),Portret,Amsterdam,283,f,
MOES (Mej. Wally),Portret,Amsterdam,284,f,
MONDRIAAN (F.),Bij de Beek,den Haag,285,f,
MOOR Wan. (P. C. de),Een straatschandaal,Kralingen,286,f,
MORBELLI (Auguste),Visite à l'étable,Milaan,287,f,
MORBELLI (Auguste),La gare de Milan,Milaan,288,f,
MOSER (C.),Kruiningen bij opkomend onweer,Rotterdam,289,f,
MOULYN (S.),Groenten,Kralingen,290,f,
MUNTHE (Ludwig),Winter mit lanternenbeleuchtung,Dusseldorp,291,f,
MUNTHE (Ludwig),Winterabendstimming,Dusseldorp,292,f,
MUSIN (Auguste),Novembre. Fin du jour sur l'Escaut,Brussel,293,f,
MUSIN (F.),Gros temps. Port de Gravelines (France),Brussel,294,f,
NACHTWER (J. H. F. C.),Novembremorgen,Rotterdam,295,f,
NAHUYS (Mej. Christine),Genomen vrijheid,Utrecht,296,f,
NAKKEN (W. C.),Het afaden van den oogstwagen,den Haag,297,f,
NAKKEN (W. C.),Bij den dorpssmid,den Haag,298,f,
NAKKEN (W. C.),Wed in den Jeker (Limburg),den Haag,299,f,
NEUHUUS (Albert),Een binnenhuis,den Haag,300,f,
NEUHUUS (Albert),Schoonmaken in den stal,den Haag,301,f,
NEUHUUS (Jozef),Namiddag,Warmond,302,f,
NEUMAN (Mej. Clasine),Vruchten,Amsterdam,303,f,
NORMANN (A.),Nardfjord,Berlijn,304,Mrk.,
NORMANN (A.),Rafssund,Berlijn,305,Mrk.,
NORMANN (A.),Segnefjord,Berlijn,306,Mrk.,
NUYS (C. J. W.),Landweg op Walcheren,Middelburg,307,f,
NUYS (C. J. W.),Watergang naar St. Laurens (bij Middelburg),Middelburg,308,f,
OERDER (F. D.),In 't circus,Rotterdam,309,f,
OFFERMANS (Tony),Veehandelaars op de Leidsche markt,den Haag,310,f,
OYENS (David),Accessoires d'atelier,Brussel,311,f,
OYENS (David),La fin du travail,Brussel,312,f,
OYENS (Pieter),Portret,Amsterdam,313,f,
OYENS (Pieter),De slapende,Amsterdam,314,f,
OLDEWELT (F. G. W.),Portret,Amsterdam,315,f,
OLDEWELT (F. G. W.),Heliotrope,Amsterdam,316,f,
OOMS (Karel),Tooneel uit de Spaansche furie te Antwerpen,Antwerpen,317,f,
OOSTERZEE (H. A. van),In Drenthe,Kralingen,318,f,
OOSTERZEE (H. A. van),Op de heide bij Calmpthout,Kralingen,319,f,
OPPENOORTH (W.),Landschap te Jipsinkhuijzen,den Haag,320,f,
OPPENOORTH (W.),Tusschen de heuvelen,den Haag,321,f,
OPPENOORTH (W.),Lentezon,den Haag,322,f,
OUDERAA (P. J. van den),Pieter Breughels laatste oogenblikken,Antwerpen,323,f,
OUDERAA (P. J. van den),De straf des meineeds,Antwerpen,324,f,
OUWERKERK (F. W.),Octobermorgen,Leiden,325,f,
OVERMAN (G. H. C.),In den tuin,Amsterdam,326,f,
PATZER (Mej. Marie),Studiekop,Amsterdam,327,f,
PHLIPPEAU (C. F.),Naar den arbeid,Amsterdam,328,f,
PHLIPPEAU (C. F.),Gelukkige moeder,Amsterdam,329,f,
PIETERS (Everaert),In den verwwinkel,Antwerpen,330,f,
PIETERS (Everaert),Boerenwerf,Antwerpen,331,f,
PIOTROWSKI (A.),Retour du marché (Pologne),Krakau,332,f,
PIOTROWSKI (A.),L'automne,Krakau,333,f,
PLASKY (Eugène J. B.),Automne. Marais en Campine,Brussel,334,f,
PLATHNER (H.),Eine Partie Dambrett,Dusseldorp,335,f,
POGGENBEEK (Geo),Landschap,Amsterdam,336,f,
POGGENBEEK (Geo),Veldarbeid,Amsterdam,337,f,
PORTIELJE (G.),Welkom hier, wanneer vertrekt ge?,Antwerpen,338,f
POSSART (Felix),Sommer,Berlijn,339,Mrk.,
POSSART (Felix),Blick in den Saal der beiden Schwestern (Allaanbra),Berlijn,340,Mrk.,
POSSART (Felix),Kirchendienerinn,Berlijn,341,f,
POSTMA (G),Een fruitkoopman (Andalusie),Haarlem,342,f,
POTHAST (H. A.),Binnenhuis,Amsterdam,343,f,
PRINS (Benjamin),De aardrijkskundige,Amsterdam,344,f,
PULINCKX (Louis),Bosch in Davonshire,Antwerpen,345,f,
PUTZEYS (Ed.),La pie,Luik,346,f,
PUTZEYS (Alme. F. Ransy),Paysage. Chemin aux environs de Liège,Luik,347,f,
PUTZEYS (Alme. F. Ransy),Nature morte. Immortelles,Luik,348,f,
QUADRONE (G. C.),En voyage (Sardaigne),Turijn,349,f,
QUITTON (Ed.),Nature morte,Antwerpen,350,f,
QUITTON (Ed.),Nature morte,Antwerpen,351,f,
RAPPARD (Jhr. A. G. A. Ridder van),Distels,Sandpoort,352,f,
REEHORST (W. ter),Kinderstudie,Amsterdam,353,f,
REYNTIENS (H. E.),Joost van den Vondel voor het bestuur der stads-bank van leening,Amsterdam,354,f,
REPELIUS (Mej. Betzy),Zijn bezit,N.-Amstel,355,f,
RHIJNNEN (Jan van),Abdij tuin,den Haag,356,f,
RIEGEN (N.),Storm voor rotsschtiege kust,Amsterdam,357,f,
RIP (W. C.),Opkomend onweder,Rotterdam,358,f,
RIP (W. C.),Begin der lente,Rotterdam,359,f,
RIVIÈRE (A. de la),Zich zelf genoeg,Rotterdam,360,f,
ROERMEESTER (G. J.),Wintermorgen,den Haag,361,f,
ROY (Hyp le),Venise,Gent,362,f,
RONNER (Alfred),La cage,Brussel,363,f,
RONNER (Alice),Papavers,Brussel,364,f,
RONNER (Mevr. Henriette),La visite du parrain,Brussel,365,f,
RONNER (Mevr. Henriette),L’aquarelliste,Brussel,366,f,
ROOSENBOOM (Mej. Marguerite),Rozen,Hilversum,367,f,
ROSIEESE (J.),Theeblaadje,Dordrecht,368,f,
ROSIEESE (J.),Prieeltje,Dordrecht,369,f,
ROSSUM DU CHATTEL (T. J. van),Nederhorst den Berg,den Haag,370,f,
ROSSUM DU CHATTEL (T. J. van),Prinsenvijver bij Rijswijk,den Haag,371,f,
RUST (J. A.),De haven te Enkhuizen,Amsterdam,372,f,
ROOS VLASMAN geb. LINGEMAN (Mevr. J. O. A.),Rozen,Abcoude,373,f,
SANDE LA COSTE (C. E. van der),Portret van de jongejuffrouw B.,Dordrecht,374,f,
SANDE LA COSTE (C. E. van der),Gezicht op het meer van Davos,Dordrecht,375,f,
SANDE BAKHUIJZEN (Mej. Gerardine J. van de),Midden van den zomer. Witte en roode rozen,den Haag,376,f,
SANDE BAKHUIJZEN (Mej. Gerardine J. van de),Pruimen,den Haag,377,f,
SAVRY (H.),Aan den duinkant bij Haarlem,Haarlem,378,f,
SCHAAP (E. R. D.),Zomermiddag,Amsterdam,379,f,
SCHAREL VAN HOVE (Mevr. Henriette),Vruchten,Amsterdam,380,f,
SCHENKEL (J. J.),In de nieuwe kerk te Amsterdam,Amsterdam,381,f,
SCHENKEL (J. J.),In de groote kerk te Rotterdam,Amsterdam,382,f,
SCHENKEL (J. J.),Buurtkerk te Utrecht,Amsterdam,383,f,
SCHIEDGES (P. P.),De ankerzetters,den Haag,384,f,
SCHIPPERUS (P. A.),Landschap met vee,Rotterdam,385,f,
SCHMIDT GRANS (J. M.),Mattenvlechtster,'s Hage,386,f,
SCHOUTEN (Mej. Carolina),Rozen,Nijmegen,387,f,
SCHWARTZE (Mej. Thérèse),Psalm 146 vers 9 (Burgerweeshuis),Amsterdam,388,f,
SCHÜTZ (Willem),Laagwater bij Vlissingen,Middelburg,389,f,
SCHÜTZ (Willem),Aan 't strand,Middelburg,390,f,
SCHUURBECQUE BOEYE (Jhr. M. J.),Bruggegje,Zwolle,391,f,
SEBES (P. W.),Portret,Amsterdam,392,f,
SEBES (P. W.),Portret,Amsterdam,393,f,
SEGANTINI (G.),Deux mères,Milaan,394,f,
SEGGERN (F. van),Landschap,Amsterdam,395,f,
SLITHOFF (Mej. M. A. ten),Stilleven,Amsterdam,396,f,
SMETH (H. de),Bij den kunsthandelaar,Borgerhout,397,f,
SMETH (H. de),Voor het ontbijt,Borgerhout,398,f,
SMITH (Hobbe),Voor morgen,Amsterdam,399,f,
SMITH (Hobbe),Orgeldraaier,Amsterdam,400,f,
SONDERMAN (Herman),Mutterglück,Dusseldorp,401,Mrk.,
SPRINGER (C.),Gezicht in de Zijlstraat te Haarlem,Hilversum,402,f,
SPRINGER (C.),Gezicht in de Vischstraat te Dordrecht,Hilversum,403,f,
STEENHOFF (W. J.),Landschap,Ter Neuzen,404,f,
STEFFELAAR (J.),De Oud Katholieke kerk in den Haag,den Haag,405,f,
STERCK (A. B. J.),Afneuzen,Amsterdam,406,f,
STORTENBEKER (Mevr. Marie),Op den telegraafdraad,Beng Kalis (Oost-Indie),407,f,
STORTENBEKER (P.),Bij opkomende dauw,den Haag,408,f,
STORTENBEKER (P.),Rustuur,den Haag,409,f,
STRACKÉ (Louis),Verplegen,Amsterdam,410,f,
STRACKÉ (Louis),Rendez-vous,Amsterdam,411,f,
STRACKÉ (Louis),Zonnebloem,Amsterdam,412,f,
STROEBEL (J. A. B.),Na den maaltijd; 17e eeuw,den Haag,413,f,
STURM (G.),Portret,Amsterdam,414,f,
SURINX (Eng.),Herfst,Oud Turnhout,415,f,
SURINX (Eng.),Een windslag,Oud Turnhout,416,f,
SURINX (Eng.),In den hoek bij het vuur,Oud Turnhout,417,f,
TAANMAN (Jacob),Het bad van Diana,Amsterdam,418,f,
THOL (H. O. van),De Koppel te Amersfoort,den Haag,419,f,
THOL (H. O. van),De Tolbrug bij Voorburg,den Haag,420,f,
TIJTGADT (L.),De oude begijnhofplaats te Gent,Gent,421,f,
TOMINETTI (Achille),Châtaignes en automne,Milaan,422,f,
TOMINETTI (Achille),Le matin,Milaan,423,f,
TOMINETTI (Achille),Mon village en Novembre,Milaan,424,f,
TUTEIN NOLTHEMIUS (R. C. J.),Landschap (riviergezicht),Velp,425,f,
VALKENBURG (H.),Bij de wieg,Amsterdam,426,f,
VALKENBURG (H.),Berusting,Amsterdam,427,f,
VALKENBURG (H.),Moeders hulp,Amsterdam,428,f,
VEDER (Hendrik),De rots van Gibraltar,Rotterdam,429,f,
VERHAS (Mlle Marie),Fleurs,Brussel,430,f,
VERHAS (Frans),Bibelots,Brussel,431,f,
VELDEN (P. van der),Heekelen,Noordwijk binnen,432,f,
VELDEN (P. van der),Aardappelen rooien,Noordwijk binnen,433,f,
VELDHEER (Jacob G.),Nacht,Haarlem,434,f,
VERSCHUUR Jr. (W.),Omstreken van Menton,Parijs,435,f,
VERSTER (Floris),Bloemen,Leiden,436,f,
VERSTER (Floris),Japansche papavers,Leiden,437,f,
VEIH (Jan),Portret van Prof. Allard Pierson aan zijn schrijftafel,Bussum,438,f,
VEIH (Jan),Portret van den kunstschilder Frans Lebret,Bussum,439,f,
VEIH (Jan),Portret van den Heer J. C. Loman,Bussum,440,f,
VIGNE (Alle Emma de),Fleurs de champ,Gent,441,f,
FLIER (H. R. van der),Een kudde schapen,Baarn,442,f,
FLIER (H. R. van der),Op de heide bij Soest,Baarn,443,f,
VOGEL (J. G.),Berkenlaan bij winter, te Hilversum,Hilversum,444,f
VOGEL (J. G.),Aan de plassen met molens,Hilversum,445,f,
VOGEL (J. G.),Landschap in het Gooi,Hilversum,446,f,
VOS (Mej. Maria),Stilleven,Oosterbeek,447,f,
VOS (Hubert),Portrait of Miss Rose d'Almaide,Londen,448,f,
VOS (Hubert),Portret van den Schilder,Londen,449,f,
VOS (Hubert),Portret van mijn vriend G. Romea,Londen,450,f,
VOS (Hubert),Docks extension at Ostend,Londen,451,f,
VOS (Hubert),Ostend fisherman at home,Londen,452,f,
VOS (Hubert),Studiekop,Londen,453,f,
VOORT IN DE BETOUW geb. NOURNEY (M. van der),Seringen,Arnhem,454,f,
VOORT IN DE BETOUW Jr. (H. J. van der),Stilleven,Arnhem,455,f,
VROLLIK (Jan),Naar een nieuwe weide,den Haag,456,f,
WAAY (N. van der),Een zonnige ochtend,Amsterdam,457,f,
WANDSCHEER (Mej. M.),Astarte (uit Manfred van Byron),Amsterdam,458,f,
WANDSCHEER (Mej. M.),Meisjeskopje,Amsterdam,459,f,
WANING (C. A. van),Uit en t/huis,Loosduinen,460,f,
WEELE (H. J. van der),Op de heide,den Haag,461,f,
WEELE (H. J. van der),De drinkplaats,den Haag,462,f,
WEILAND (J.),Een pleegzuster,Kralingen,463,f,
WEILAND (J.),Spieringvisschers,Kralingen,464,f,
WEISZ (G.),Départ pour la cérémonie,Patijs,465,f,
WENCKEBACH (L. W. R.),Boschrand,Amsterdam,466,f,
WESTERBEEK (O.),Bij de plassen,den Haag,467,f,
Artist Name,Artwork,Location,Price,Currency,
WHISTLER (James Mc. Neill),Arrangement en gris et noir (Portrait de la mère du peintre),London,468,f,
WHISTLER (James Mc. Neill),The fur jacket. Arrangement in black nº. 3,London,469,f,
WHISTLER (James Mc. Neill),Effie Deans,London,470,f,
WIGGERS (D.),Haven,Kralingen,471,f,
WIGGERS (D.),Landschap,Kralingen,472,f,
WIJS (J. E. C. de),Ketelpoetser,Rotterdam,473,f,
WIJSMULLER (J. H.),Te Amsterdam,Amsterdam,474,f,
WIJSMULLER (J. H.),Aan de Schinkel bij Amsterdam,Amsterdam,475,f,
WISSEL (A. van der),Bosch te Bloemendaal,Rotterdam,476,f,
WITKAMP Jr. (E. S.),De illustratiën,Amsterdam,477,f,
WOLEERS (H. G.),In den Schouwbroeker polder bij Heemstede,Heemstede,478,f,
WOLEERS (H. G.),Bij het hek,Heemstede,479,f,
WOLTERBEEK (Mej. Anna),Makart bouquet,Oosterbeek,480,f,
WOUTERS (Henri),Stadswijk,Amsterdam,481,f,
ZILCKEN (Ph.),Oude brug op de Schenk,den Haag,482,f,
ZIMMERMAN (Ernst),Stilleven,Munchen,483,f,
ZUBLI geb. VAN DEN BERCH VAN HEEMSTEDE (Mevr. M.),Bloemstuk,den Haag,484,f,
ZWART (W. de),Stationneerende rijtuitgen,den Haag,485,f,
BASTERT (N.),In de zon (Aquarel),Amsterdam,486,f,
BRANDS (J. L.),Een herfstdag aan de Aa (Loenersloot) (Aquarel),den Haag,487,f,
BREITENSTEIN (C.),Zee (Aquarel),Amsterdam,488,f,
DUGOURD (H. N.),La délivrance des emmurés de Carcassonne (Lithographie d’après J.H.P.Laurens),Parijs,489,Fr.,
DUNSELMAN (Jan),Schets van een kruiswegstatie voor de R. C. Kerk te Leidschendam (aquarel),N.-Amstel,490,f,
EVERDINGEN (E. van),Op de heide (Teekening),Utrecht,491,f,
FLES (Mej. Etha),Lijst met etsen,Utrecht,492,f,
FLES (Mej. Etha),Lijst met etsen,Utrecht,493,f,
FLES (Mej. Etha),Etsen,Utrecht,494,f,
GERSTENHAUER ZIMMERMAN (J. G.),Portret van den Heer A. J. C. Plaat (Pastel),Rotterdam,495,f,
GRUUTER (Jacob W.),Zonsondergang (Aquarel),Amsterdam,496,f,
HAAS (Mej. C. P. Hermine van der),Stilleven (aquarel),den Haag,497,f,
HOYNOK van PAPENDREGHT (J.),Manoeuvreeren (Aquarel),Amsterdam,498,f,
HOYNOK van PAPENDREGHT (J.),Tambour der Engelsche Grenadiersgarde (aquarel),Amsterdam,499,f,
JOSSELIN DE JONG (P. de),Avond (Limburg) (pastel),den Haag,500,f,
JOSSELIN DE JONG (P. de),Plas in het dorp Berg (Limburg) (pastel),den Haag,501,f,
KEGHEL (D. de),Mimosa (pastel),Gent,502,f,
KEVER (J. S. H.),Het getije (aquarel),Amsterdam,503,f,
MULLER (Gerard),Straat te Hatten (aquarel),Amsterdam,504,f,
MULLER (Gerard),Kindje bij 'n varkenshok (aquarel),Amsterdam,505,f,
OPPENOORTH (W.),Verscholen in 't riet (teekening),den Haag,506,f,
PRUIS VAN DER HOEVEN (Mej. Clemence),Naar het strand (pastel),den Haag,507,f,
RAYEL (Mlle Alice),Un coin de Melsbroeck (aquarel),Peuthy,508,f,
REPELIUS (Mej. Betzy),Nou jij Piet! (aquarel),N.-Amstel,509,f,
REPELIUS (Mej. Betzy),Vrije oefening (teekening),N.-Amstel,510,f,
SALB (Jozef),Ontwerp in aquarel der album voor het huldigings-adres der stad Salzburg voor den Keizer van Oostenrijk,Salzburg,511,f,
SUHAAP (E. R. D.),Nazomer (aquarel),Amsterdam,512,f,
SCHENKEL (J. J.),In de Nieuwe Kerk (aquarel),Amsterdam,513,f,
SCHIKKINGER (F. J.),Stadsgezichten te Amsterdam (etsen),Amsterdam,514,f,
SCHUMACHER geb. GILDEMEESTER (Mevr. E.),Rhododendrons (aquarel),Amsterdam,515,f,
SCHWARTZE (Mej. Thérèse),'t Onzeileveheershaantje (pastel),Amsterdam,516,f,
STANG (Prof. Rud.),Abendmahl (Gravure nach Leonardo da Vinci),Amsterdam,517,f,
STARK (E.),Lijst met etsen,N.-Amstel,518,f,
STEELINK (A. G.),De oude molen bij Leiden (Ets),Amsterdam,519,f,
STEELINK (W.),Kleërenmaken voor de pop (Gravure naar de schilderij van Alb. Neuhuijs),Amsterdam,520,f,
STORM VAN 'S GRAVESANDE (Carl),Maanlicht in de Biesbosch bij Dordrecht (Ets),Brussel,521,f,
SUY (Mej. W.),Margueriten en wilde rozen (aquarel),Amsterdam,522,f,
SUY (Mej. W.),Rozen (aquarel),Amsterdam,523,f,
TAANMAN (Jacob),Zigeuners voor het gerecht in het stadhuis te Naarden; begin der 17e eeuw (aquarel),Amsterdam,524,f,
TAUREL (C. Ed.),Portret (Gravure),Amsterdam,525,f,
TAUREL (C. Ed.),Portret,Amsterdam,526,f,
TEIXEIRA DE MATTOS (H. J.),Werda (aquarel),Amsterdam,527,f,
TEIXEIRA DE MATTOS (H. J.),Vóór het Serail (aquarel),Amsterdam,528,f,
TETAR VAN ELVEN (P.),Eene herberg te Nervië aan de Middellandsche Zee in Italië (aquarel),Milaan,529,f,
UYTTERSCHAUT (Victor),Bargue echouée (a la Panne) (aquarel),Ixelles,530,f,
UYTTERSCHAUT (Victor),A Uccle près Bruxelles (aquarel),Ixelles,531,f,
UYTTERSCHAUT (Victor),Autonne à Groenendaal (aquarel),Ixelles,532,f,
WAAY (N. van der),Een kleine wijsgeer (aquarel),Amsterdam,533,f,
WAAY (N. van der),Avondscene (aquarel),Amsterdam,534,f,
WHISTLER (James Mc. Neill),The Doorway (Venice),Londen,535,f,
WHISTLER (James Mc. Neill),The Beggars (Venice),Londen,536,f,
WHISTLER (James Mc. Neill),The Little Venice,Londen,537,f,
WHISTLER (James Mc. Neill),The Barrow (Bruxelles),Londen,538,f,
WHISTLER (James Mc. Neill),Nash's Fruit Shop (Chelsea),Londen,539,f,
WHISTLER (James Mc. Neill),Millman Row (Chelsea),Londen,540,f,
WHISTLER (James Mc. Neill),The Sweet Shop,Londen,541,f,
WHISTLER (James Mc. Neill),Amsterdam,Londen,542,f,
WHISTLER (James Mc. Neill),The Clothes exchange No. 1 Houndsditch,Londen,543,f,
WHISTLER (James Mc. Neill),Jubilee Place (Brompton),Londen,544,f,
WIJSMULLER (J. H.),Noordermarkt (aquarel),Amsterdam,545,f,
WOUTERS (Henri),Werf (Ets),Amsterdam,546,f,
WOUTERS (Henri),Stadsgezicht (Ets),Amsterdam,547,f,
DAKE (Carl L.),Isaac zegent Jacob (Ets naar de schilderij van Govert Flinck),Amsterdam,585,f,